понедельник, 21 сентября 2020 г. 22:03:18 (MSK)
302;https://money.yandex.ru/oplata/mts-mobile;https://money.yandex.ru/phone?sum=&netSum=&phone-prefix=&phone-number=&scid=&phone-operator=mts-335
302;https://money.yandex.ru/oplata/megafon-rossiya;https://money.yandex.ru/phone?sum=&netSum=&phone-prefix=&phone-number=&scid=&phone-operator=megafon-337
302;https://money.yandex.ru/oplata/bilaien-rossiya;https://money.yandex.ru/phone?sum=&netSum=&phone-prefix=&phone-number=&scid=&phone-operator=beeline-343
302;https://money.yandex.ru/oplata/skaie-link-severo-zapad;https://money.yandex.ru/phone?sum=&netSum=&phone-prefix=&phone-number=&scid=&phone-operator=skylink-771
200;https://money.yandex.ru/oplata/mgts;
200;https://money.yandex.ru/oplata/veb-plas-adsl;
302;https://money.yandex.ru/oplata/smarts;https://money.yandex.ru/phone?sum=&netSum=&phone-prefix=&phone-number=&scid=&phone-operator=smarts-926
302;https://money.yandex.ru/oplata/penza-djiesem;https://money.yandex.ru/phone?sum=&netSum=&phone-prefix=&phone-number=&scid=&phone-operator=smarts-927
302;https://money.yandex.ru/oplata/tele2-rossiya;https://money.yandex.ru/phone?sum=&netSum=&phone-prefix=&phone-number=&scid=&phone-operator=tele2-928
